@lat	@lon	name	ele
34.9768561	135.8529991	音羽山	593
34.5799792	135.4614547	蘇鉄山 (Mt.Sotetsu)	6.84
34.6580717	135.4327095	天保山	4.53
34.7417452	135.8436746	鹿背山	141
34.1706779	136.0910150	大蛇嵓	1578
34.6518614	135.5114555	茶臼山	26
34.1852051	136.1091900	日出ケ岳	1695.1
34.8966142	136.3488489		556
34.9089596	134.4486187	三濃山	509
34.9448311	134.4263764	三原栗山	341
34.4194311	135.6728906	金剛山	1125
34.4562073	135.6822879	大和葛城山	959
34.6127679	135.6683119	信貴山	437
34.6168947	135.6575529	高安山	487.5
34.2376500	135.9236417	稲村ヶ岳	1726
35.0505175	136.0375777	三上山	432
34.9352130	135.6238220	ポンポン山	679
35.1194147	136.4450869	竜ヶ岳	1099
34.0395116	135.7511808	法主尾山	1024.4
34.0639117	135.7787976	高時山	1055
33.9982328	135.7669564	行仙岳	1091.6
33.9830591	135.8097116	大森山	794.1
33.9601830	135.8086469	斧山	829
33.9738565	135.7841385	小原峰	862.6
34.0386408	135.8327002	石佛山	1158
34.0652818	135.8281649	天竺山	1024.8
34.0349485	135.8591671	中八人山	1396.9
34.0773595	135.9003951	地蔵岳	1464
34.1344405	135.9130671	仏生嶽	1805.1
34.0582520	135.8968952	涅槃岳	1376.2
34.0246488	135.9097744	転法輪岳	1281.5
34.6911730	135.8542650	若草山	342
34.5614610	135.8745350	龍王山	586
34.5353337	135.8674352	三輪山	467.1
34.4925214	135.7848772	畝傍山	198.8
34.5147899	135.8053458	耳成山	139.2
35.0715327	136.6662829	高塚山	88.3
35.0259560	136.4225445	国見岳	1170
35.0204975	136.4186261	御在所山	1212
35.0657019	136.4414559	釈迦ヶ岳	1192
35.0012522	136.4212645	鎌ヶ岳	1161
35.0204719	136.4177327	望湖台 (御在所岳最高点)	
35.0564141	136.4664198	尾高山	
35.4177714	136.4062612	伊吹山	1377
34.8755358	134.7046113	広峰山	260
34.8683367	134.7172015	増位山	259
34.8230479	134.6750120	手柄山	49.3
34.7155363	135.5794709	鶴見新山	39
34.9153046	135.8222910	高峰山	298
34.8260215	134.5936173	檀特山	165
34.7669363	135.2987870	ゴロゴロ岳	565.5
34.7160199	135.8255423	州見山	
34.3209015	135.9099183	四寸岩山	1235.6
34.0905121	136.2062267	天狗倉山	522
34.6784655	135.6789968	生駒山	642.3
34.6363833	135.7270519	松尾山	315.4
34.8304955	135.9085133	鷲峰山	682
34.7263952	135.6535197	飯盛山	314.3
34.5587549	135.9689571	額井岳	812.3
34.5603023	135.9462378	貝ヶ平山	821.3
34.4287120	136.0884284	高見山	1248.4
34.5223358	135.6757000	雌岳	437.9
34.5895277	135.6772951	三室山	137.1
34.2524146	135.9410475	山上ヶ岳	1719
34.0774323	135.6503104	伯母子岳	1344
34.6147611	135.8940790	高峰山	632.2
34.5850792	135.9592061	都介野岳	631.2
34.5057553	136.0273001	三郎岳	878.8
34.5049020	135.9665800	伊那佐山	636.9
34.5056779	136.0198274	高城山	810
34.1735825	135.9075327	八経ヶ岳	1915.1
34.1701284	135.9035053	明星ヶ岳	1894
34.2278804	135.9627949	大普賢岳	1780.1
34.3413894	135.8879455	青根ヶ峰	857.9
34.6668792	135.8699038	高円山	461
34.9670127	135.7855255	稲荷山	233
34.2204635	135.5724124	弁天岳	984
34.2232122	135.6019115	転軸山	930
33.9044653	135.1083055	西山	328.7
33.9487051	135.0743795		
34.2807666	135.0059214	コウノ巣山	119.9
33.6714903	135.3481240	平草原 (Heisōgen)	131.6
34.3083781	135.2078614	爼石山	420
34.3479808	135.4343472	和泉葛城山	858
34.8871237	135.5007154	石堂ヶ岡	680.06
34.2038699	135.6347045	陣ヶ峰 (Jingamine)	1106.2
34.1143522	135.9031349	釈迦ヶ岳	1800.0
34.1037452	135.9051892	大日岳	1568
34.2379984	135.4113328	龍門山	756
34.0361820	135.5081122	城ヶ森山	1268.8
35.1449195	136.0822780	八幡山	271.8
35.0641473	134.8345860	笠形山	934
34.9085658	134.8566182	飯盛山	124
34.8785227	134.8311877	善防山	251
34.8837219	134.8181938	笠松山	243
35.3539523	134.5137441	氷ノ山	1509.6
34.7584186	134.9996656	雌岡山	249
34.7588717	135.0225557	雄岡山	241.2
34.7749361	135.3295499	甲山	309
34.7780061	135.2637419	六甲山	931
34.7329839	135.2048816	摩耶山	702
34.7186354	135.1780198	再度山	470
34.6976391	135.1805000	諏訪山	151
34.6764999	135.1302499	高取山	328
34.9707781	134.8093323	深山	408.2
34.3502480	135.8780750	高城山	698
35.0158611	134.7036940	七種山	683
35.1447342	134.8839089	千ヶ峰	1005.2
35.0012170	134.6531080	明神山	667;9
34.7087865	135.1528058	菊水山	458.8
35.3953935	134.5363477	鉢伏山	1221.6
35.0728141	134.6512111	雪彦山	915.2
34.7944297	135.2478767	愛宕山	461
34.1596899	134.8169464	おのころ山	117.1
34.1726281	134.8252043	石仏山	114
35.0196690	135.8116966	大文字山	465.3
35.2090000	134.3801390	ダルガ峰	1163
34.9273409	134.8252334	寺山	122.9
35.1953152	135.0997591		151.1
35.1954672	135.0966575		
35.2111693	135.1071817		390.6
34.9289070	135.4673394	妙見山	660
34.6491613	134.4351014		75
33.9489939	135.6311720	牛廻山	1206.9
33.9265887	135.8316121	玉置山	1076.4
34.6522681	134.4669790		187
34.6711182	134.5183170		108
35.0728135	134.6512124	雪彦山	915.1
34.6321080	134.4980956		106
35.2057368	136.0584723	ケンケン山	210
35.2079907	136.0660550	蓬莱山尾山	220.17
35.1996759	136.0529334	頭山	139.8
34.9981048	135.7172379		
35.1868601	134.4112411	後山	1344
34.3160982	136.1295442	池木屋山	1396
34.3758096	136.0867034	国見山	1419
34.4605240	136.3271188	局ヶ岳	1029
34.7339884	136.2964485	笠取山	842
34.5309043	136.1702984	倶留尊山	1037
34.4610906	136.7815797	朝熊ヶ岳	555
34.3730301	136.5157116	七洞岳	778
35.3917918	135.8100902	百里ヶ岳	931.4
35.3774127	135.5343577	頭巾山	871
34.0158266	135.3721973	白馬山	957
34.0574210	135.5671363	護摩壇山	1372
33.7268575	135.7137311	大塔山	1122
33.7258665	135.6653068	法師山	1121
33.6962551	135.9007599	那智山	910
33.5936520	135.5469135	善司ノ森山	591.5
35.6952214	135.2042135	太鼓山	683
35.4535447	135.1067479	大江山	832
35.5485450	135.0381752	磯砂山	661
35.0600453	135.6342851	愛宕山	924
35.1592046	135.7172261	桟敷ヶ岳	896
35.3032171	135.4738848	長老ヶ岳	917
34.7517292	135.9505987	笠置山	324
35.2021588	135.8351716	皆子山	971
35.5501872	136.3371696	金糞岳	1317
35.1272119	135.2449947	三嶽	793.2
35.6210809	134.5627476	久斗山	650
35.0033568	135.4038438	剣尾山	784
34.4972352	134.9434705	妙見山	522
35.4105253	134.6439080	妙見山	1139
34.8927615	134.6563686	書写山	371
35.6119550	134.7854563	来日岳	566.6
35.4219332	134.9158191	東床尾山	838.9
35.2727763	134.9155234	栗鹿山	962.3
34.9741314	135.4766771	歌垣山	553
35.2647188	135.8969565	武奈ヶ岳	1214
35.1916092	134.7275510	段ヶ峰	1103
34.9082107	134.3807864	白旗山	440
35.0461160	135.1347363	白髪岳	721.5
35.2094908	135.8857276	蓬莱山	1173.9
35.2666632	134.6005355	藤無山	1139
35.4707925	134.6380834	蘇武岳	1074.4
35.0210866	136.3841707	雨乞岳	1238
34.4395354	135.9247879	烏ノ塒屋山	659.0
34.4406061	135.8976815	竜門岳	904.1
34.6814199	135.8525370	春日山	297
34.5738346	135.6757693	明神山	273.6
33.8990996	135.6528013	冷水山	1262.3
33.8880319	135.2755862	真妻山	523.4
34.0922111	135.1521562	明神山	355.3
34.1050733	135.3340718	生石ヶ峰	870
34.4487017	136.2062574	三峰山	1235.2
34.6679025	135.9966015	神野山	618.4
34.8811871	135.5883374	三好山（芥川山城跡）	180
35.0658036	135.8344169	大比叡	848.1
35.0740133	135.8593556	八王子山	381
34.3244582	136.7880977	横山	203
34.9702470	136.1809801	古城山	282.8
34.9544163	136.1661656	盆天山	245.8
34.9441965	136.1098859	飯道山	664.0
34.3561252	136.8005419	五郎山	126.4
34.7705255	135.3018273	展望ポイント	
34.7745979	135.3031251	観音山	526
34.8659965	135.5216715	鉢伏山	299
34.7865239	135.7095325	交野山	341
34.7689111	135.3041723	ガベノ城	483
34.4257127	134.8090752	竜宝寺山	254.4
34.2348478	134.8141926	諭鶴羽山	607.9
34.5040238	134.9524990	釜口山 (Mt. Kamaguchi)	475.7
35.1444374	136.6260105	多度山	402.8
35.2336375	136.1977773	荒神山	284
34.2354825	135.6067602	楊柳山	1008.6
34.2277918	135.6126313	摩尼山	1004
34.6616518	135.6654906	旗立山	486
34.7945551	135.2426581	落葉山	533
34.9240198	135.2305168	有馬富士	374
34.6825546	135.8793584	芳山	517.9
34.6796590	135.8798036	芳山南峰	520
35.6015446	136.2615830	横山岳	1131.7
34.9629561	135.8982933	伽藍山	239
34.2907254	135.6100271	国城山頂	552
33.9066361	135.9750418	大人平山	668.2
33.8918410	135.9675727	玉置山	777
33.8822870	135.9617921	白倉山	736
33.8893910	136.0082860	妙見山	749.1
33.8708018	136.0083021	西ノ峯山	593.5
33.8682184	135.9881050	高チラ山	625
33.8795402	135.9821800	鵯山	813
33.8797718	135.9896768	鷲ノ巣山	807
33.8893737	136.1009470	要害山	
34.9952515	134.5202216	国見山	465
34.4007741	136.8683959	浅間山	201
34.4089118	136.8241516	青峰山	336
35.2796309	136.2694022	佐和山	232
34.9581015	135.8634723	千頭岳	600
34.8988776	135.5492023	竜王山	509
34.8655667	134.5393231	白鷺山	121.2
34.9448638	134.5177653	高倉山	426.9
34.8726640	134.5449932	鶏籠山	218
35.3900440	134.5227510	高丸山	1070.2
35.3659819	134.5028961	赤倉山	1332
35.4338200	134.4860710	仏の尾	1227
34.9017576	135.6767274	天王山	270
33.7286457	135.9805417	権現山	253
35.0446298	135.7298163	大文字山	231
35.0562687	135.7026808	沢山	515.6
34.9320909	135.6347286	釈迦岳	630.8
34.9617711	135.6342040	小塩山	642
34.9709812	135.6439884	大暑山	567.6
34.9294603	135.5872043	金比羅山	560.9
34.9088504	135.5806859	高ヶ尾山	480.3
34.8504367	136.6043038	岸岡山	
34.7714407	134.5407654		58
34.7751245	134.5429649	綾部山	144.3
34.7790196	134.5343818		133
34.7719176	134.5576048		53.1
34.7754251	134.5629585		39
34.2924669	135.0204900		53.5
34.0588811	135.5745679	龍神岳	1382
34.0579103	135.5804898	耳取山	1363
34.4837701	136.7346315	貝吹山	90.6
34.3886802	136.7139284	八大竜王	366
34.3877549	136.7252594	八祢宣山	426
34.3335747	136.6464777	鶴路山	291.7
34.3047290	136.7042750	浅間山	181.7
34.2717898	136.7762986	金比羅山	99
34.3561194	136.4532025	浅間山	733
34.3090473	136.4583690	三谷山	518
34.1191740	136.1472640	橡山	1008
34.2828049	136.6219119	局ヶ頂	310
34.2993082	136.5556035	高山	497
34.2663410	136.4252790	有地山	555
34.2340831	136.4178606	姫越山	502
34.1448844	136.1497347	樫山	958
34.0031487	136.0956355	保色山	1028
33.9493416	136.1313703	龍門山	688
33.9347381	136.0449930	天神丸山	784.3
34.0085703	136.0632455	高代山	937
34.2809104	136.1463066	国見山	1283
34.2461168	136.2176558	仙千代ヶ峰	1099
34.2204920	136.1970870	大河内山	875
34.1935477	136.0941492	三津川落山	1654
34.3222040	136.1630037	江股ノ頭	1269
34.3245920	136.1884350	白倉山	1236
34.3157207	136.1982125	古ヶ丸山	1210
34.4204318	136.2050741	高鉢山	788
34.4081217	136.2983052	三条山	663
34.3037032	136.3707098	行者山	667
34.2046727	135.9447934	行者還岳	1546
34.2156845	135.9535484	七曜岳	1584
34.2215425	135.9538132	国見岳	1655
34.2443428	135.9551991	竜ヶ岳	1725
34.2347749	136.0248547	伯母ヶ峯	1262
34.2929459	136.0469316	白鬚岳	1378
34.5059400	136.4074474	白猪山	819
34.4489337	136.8173446	丸山	288
34.4851815	136.8400813	日和山	69
34.4917610	136.8895039	大山	236
34.4259580	136.6917640	鷲嶺	548
34.4365127	136.6944241	前山	528
34.4585560	136.7084369	鼓ヶ岳	355
34.4163727	136.6435116	神岳	492
34.3868865	136.6376353	牛草山	550
34.3635679	136.6776235	龍仙山	402
34.4820829	136.6994032	高倉山	117
34.4517493	136.6128954	大日山	302
34.4488893	136.5816824	国束山	411
34.4742486	136.5699813	浅間山	138
34.4900596	136.5669741	城山	128
34.5082518	136.4737621	大明神山	399
34.5465528	136.4328519	堀坂山	757
34.5617732	136.4399262	観音岳	605
34.5790864	136.4502865	鉢ヶ峰	420
34.5937496	136.4544308	桝形山	312
34.5739659	136.3700523	矢頭山	730
34.5501388	136.3606535	髯山	687
34.5327269	136.3267418	雨乞山	698
34.5075170	136.3480160	高須ノ峰	797
34.7665402	136.3744264	経が峰	819
34.7789828	136.3826056	稲子山	574
34.7928535	136.3957000	摺鉢山	464
34.7730816	136.2576773	西教山	681
34.8171853	136.2604567	霊山	765
34.8742603	136.2771045	油日岳	693
34.8758199	136.2979036	那須ヶ原山	799
34.8708119	136.3843026	羽黒山	290
34.8740038	136.3689939	筆捨山	285
34.8873226	136.3887989	明星ヶ岳	549
34.8948036	136.4037554	雨引山	413
34.8897764	136.3207896	高畑山	773
34.9518420	136.3953960	仙ヶ岳	961
34.9738905	136.4338116	入道ヶ岳	905
34.9881595	136.4159915	宮超山	1029
34.9991193	136.4487932	雲母峰	888
35.0885790	136.4711627	福王山	598
35.1785140	136.4147066	御池岳	1247
35.1900428	136.3994440	鈴ヶ岳	1130
35.2172126	136.4154951	三国岳	894
34.8989908	136.3500917	三子山	568
34.4604080	136.4199810	鳥岳	545
34.9028659	136.3595207	四方草山	667.0
34.8799986	136.3726778	花ノ木	338.8
34.8591948	136.3833189	観音山	224.0
34.4849654	136.5124490	城山	291
34.5153259	136.6524200	大仏山	53
34.5438798	135.6486081	寺山	293.6
35.2201740	136.3535087	高室山	818
35.2456315	136.3593904	鍋尻山	838
34.5048630	135.8617657	鳥見山	245
34.1220503	135.2387153	鏡石山	555
34.3420469	135.7735464	栃原岳	531
34.2847282	135.7893981	櫃ヶ岳	781
34.3124874	135.7567590	銀峯山	614
34.6210498	135.8383556		133
34.6444495	135.8496620		161.9
34.2242017	135.2207515	大日山	136
34.2149480	135.9826365	和佐又山	1344.2
34.4690088	135.7823267	貝吹山	209.9
34.6196841	136.0623562	茶臼山	535.4
34.8132898	135.5238054	三角山	
34.7795524	135.4940900	いなり山	
34.0607893	135.1422719	北山	178.6
34.0630487	135.1637657	平見山	247.9
34.8074112	135.4507602	待兼山	77
33.9962006	135.1643305	明神山	377
33.9894144	135.1437692	雨司山	347.4
34.0102038	135.2114017	地蔵峰	411.6
34.0921004	135.2062164	千葉山	541.6
34.1024240	135.2240159	高坪山	544.9
34.1296669	135.2286950	飯盛山	445
34.1327647	135.2366423	熊尾寺山	543
34.0929105	135.2339615	鷲ヶ峰	586.2
34.0821620	135.1900472	岩室山	274
34.0631575	135.1826182	雲雀山	201
34.0268466	135.1645041	天皇山	90
34.1266131	135.2366608	鯛ノ峰	544
34.1422299	135.2441639	衣笠山	297.8
35.4624812	134.5054131	谷山	961.2
35.4683059	134.5069523	二連寺山	923
35.2549363	135.4205275	丸山	
33.6021104	135.3886196		
34.9186781	135.2680424	羽束山	524
34.2025494	135.1743606	打越山	
34.9044427	135.6671737	十方山	304.4
34.1801130	135.9093278	弥山	1895
35.1586307	136.4528078	藤原岳	1140
35.6333199	134.4621736	観音山	245
35.6269983	134.4372550	城山	170
34.5573881	136.2196541	尼ケ岳	957
34.3501406	136.2074943	迷岳	1309
34.0319942	136.1471808	高峰山	1045
33.7945534	135.9304690	子ノ泊山	907
35.2791228	136.3812183	霊仙山	1094
33.9828124	135.8983402	笠捨山	1353
34.4956226	135.8182521	天香久山	152.4
34.5257310	135.6775260	二上山	517
34.3740897	135.5509713	岩湧山	897
34.1522102	135.6545176	荒神岳	1260.1
35.2367108	134.4628072	三室山	1358
34.2822947	135.8527631	扇形山	1053.0
34.8079651	136.0780052	高旗山	709.8
33.8450834	135.9594544	大瀬山	626.9
34.2580598	135.6745429	七霞山	891.2
34.7481164	135.2796914	風吹岩	447
35.5089535	134.4269231	牛ヶ峰山	712.8
35.2260734	134.3934148	長義山	1105.4
35.1925424	134.3928957	鍋ヶ谷山	1253
35.1877260	134.4025487	船木山	1334
35.1725721	134.4363233	笛石山	894.5
35.1154516	134.4212001	船越山	726.9
35.1004390	134.3887799	壇の平	621.1
34.8025396	135.2293884	高丸山	508.5
34.7993162	135.2117315	キスラシ山	443
34.8020290	135.1924446	梶岡山	459
34.1894586	135.8893776	頂仙岳	1718
34.1342544	135.1399681	高通山	194.8
35.6383186	134.5924638	庵月山	344.6
35.0102572	135.3127919	大野山	753.5
34.0044068	135.9049478	行仙岳	1227
34.8050792	135.1818762	大蔵山	452
34.7921514	135.1763066	古倉山	476
34.7827579	135.1697512	金剛童子山	565
34.7919699	135.1660081	東鹿見山	553
34.7901334	135.1599227	西鹿見山	562
34.7820102	135.1550668	花折山	573
34.7743983	135.1595385	東ノ峰	516
34.8040533	135.1685066	金毘羅山	404
34.7892101	135.2409775	灰形山	619
34.7825876	135.2439884	湯槽谷山	801
34.7881525	135.2340941	鬼ヶ島	580
34.7818144	135.2370083	高尾山	739
34.7751117	135.2163428	古寺山	636
34.7593719	135.2122794	水晶山	710
34.7510106	135.1920679	石楠花山	652
34.7564329	135.1684770	丸山	410
34.7564958	135.1887081	双子山	616
34.7582622	135.1899330		
34.7902758	135.1897165	ナダレ尾山	527
34.7710042	135.2602427	西おたふく山	873
34.7690788	135.2730931	東おたふく山	697
34.7410650	135.2320238	天望山	482
34.7391806	135.2181605	長峰山	687
34.7221917	135.1824707	高雄山	476
34.7157398	135.1666634	鍋蓋山	486
34.7455630	135.2017117	新穂高	648
34.7399821	135.2766911	金鳥山	338
34.7453114	135.2675984	打越山	480
34.7458450	135.2715440	七兵衛山	462
34.7455771	135.2911337	鷹尾山	272
34.7543944	135.2820490	荒地山	549
34.7772993	135.2809585	林山	745
34.7859280	135.2912208	小天狗山	557
34.7887625	135.3131563	樫ヶ峰	457
34.7969511	135.3225311	行者山	415
34.8006422	135.3164448	譲葉山	
34.8017339	135.3220007	岩倉山	488.4
34.8072542	135.2969547	剣山	302
34.7894810	135.2538385	射場山	690
34.8268118	135.2653107	畑山	528.7
34.8272983	135.2536440	丸山	378
34.9660788	136.1173406	烏ヶ嶽	484
34.9665065	136.0609412	阿星山	693.0
34.9648025	136.0950145	白水鉱山	358
35.0187699	136.1039260	十二坊	405.0
35.0669921	136.0803267	鏡山	384.5
34.9397860	136.2164571	愛宕山	250.0
34.9338164	136.2390116	長坂山	261.9
34.8965743	135.8476310	喜撰山	415.9
34.8986755	135.8252724	明星山	233
34.9342154	135.8629314	笠取山	370
34.9469278	135.8386312	醍醐山	454
34.9250926	135.8295399	天下峰	348
34.9111607	135.8257793	五雲峰	343
34.8910690	135.8162133	朝日山	124
34.8923240	135.8142420	仏徳山	131.6
34.8843429	135.8133730	槇ノ尾山	106
34.8658648	135.8551921	荒木山	472
34.8726729	135.8565000	大峰山	506.3
34.9345004	135.8799110	岩間山	443
34.9603325	135.8370737	高塚山	485.0
35.0159290	135.8447365	長等山	354
35.0168756	135.8259540	如意ヶ岳	472
34.9931377	135.7885753	清水山	242.2
34.9868197	135.7890444	六条山	201
34.9642400	135.7777824	七面山	108
34.9518591	135.7940418	大岩山	182
35.0395478	135.8030093	瓜生山	301
35.0270614	135.7873124	吉田山	121
35.0336662	135.8466090	宇佐山	335
35.0556127	135.8516249	壺笠山	421
35.0840831	135.8512687	三石岳	675.6
35.0921913	135.8097740	瓢簞崩山	532.0
35.0911235	135.8351843	横高山	767
35.0958590	135.8375304	水井山	793.9
35.1255814	135.8492941	梶山	681
35.1456306	135.7981913	天ヶ岳	788
35.1364513	135.8177360	焼杉山	717.4
35.1225011	135.8113422	翠黛山	577
35.1175638	135.8070233	金毘羅山	572.5
35.0987220	135.7818426	箕ノ裏ヶ岳	432.3
35.0554173	135.7869829	東山	186
35.0563022	135.7708998	西山	135
35.0796654	135.7513028	神山	301.2
35.0954707	135.7574597	向山	426
35.1087059	135.7745347	竜王岳	500
35.1238650	135.7715628	鞍馬山	584
35.0773944	135.7193101	城山	479.6
35.0675842	135.7320944	船山	317
35.0614119	135.7269361	釈迦谷山	290.9
35.0358019	135.7220322	衣笠山	201
34.9441265	135.9129865	大日山	129
34.9170923	135.9157697	妙見山	202
34.9245343	136.3752226		697
34.9344134	136.3661956		761.2
34.9375560	136.3596268		637
34.9307222	136.3580533		574
34.9263132	136.3681422		679
34.9432620	136.3741416		832
34.9522108	136.3853590		832
34.9649808	136.4020788		945.5
34.9172155	134.5450117	新田山	97
35.0830296	136.1739658	布施山	240.9
35.0681139	136.2306697	布引山	261.6
35.0240495	136.3225652	竜王山	825.8
35.0136909	136.3417560	綿向山	1110
34.9904165	136.2892931	猪の鼻ガ岳	508.1
35.1021575	136.3423969	日本コバ	934.2
35.1710009	136.3136345	八ツ尾山	616
35.1604843	136.2885086	秦川山	469.0
35.2110756	136.2918187	青龍山	333.3
35.2856421	136.2677997	弁天山	196
35.3013346	136.2594554	磯山	159.5
35.1749597	136.1910584	和田山	180.2
35.1491730	136.1592235	繖山	432.6
35.1318339	136.1373737	竜石山	150
35.1560240	136.1393175	安土山	198
35.1640763	136.0658507	長命寺山	333
35.1385052	136.0451126	岡山	187.6
35.0605960	136.0368290	妙光寺山	267
35.0764749	136.1457457	雪野山	308.8
35.1049253	136.1315183	瓶割山	234.4
35.1247035	136.1802822	箕作山	372
34.9770378	136.0087537	鶏冠山	490.8
34.9631449	136.0227697	竜王山	604.6
34.9167280	135.9842837	太神山	599.6
34.9097209	135.9653968	矢筈ヶ岳	562
34.8907445	135.9674398	猪背山	553.2
34.9182837	135.9392570	笹間ヶ岳	432.9
34.8681574	135.9897014	経塚	558
34.8884246	136.1254964	岩尾山	470.8
34.8414389	136.0850226	笹ヶ岳	738.5
34.7829439	135.2301543	逢ヶ山	722.1
34.7728456	135.1453166	愛宕山	294
34.7835565	135.1400759	稚児ヶ墓山	596.3
34.7872026	135.1184651	帝釈山	585.9
34.7324314	135.1671400	妙賀山	415
34.7090966	135.1877434	城山	323
34.7062211	135.1829751	堂徳山	337.5
34.7032834	135.1803880	市章山	
34.7018316	135.1797328	錨山	
34.7168529	135.1902456	世継山	417
34.7157409	135.1666315	鍋蓋山	486.1
34.6603721	135.1184882	高尾山	181
34.6472147	135.0994614	鉄拐山	234
34.6415020	135.0959094	鉢伏山	
34.7075591	135.1291628	高尾山	403.2
34.7452598	135.1260723	長坂山	397
34.7598476	135.1408414	西脇山	291
34.7604712	135.0871760	シブレ山	347.5
34.7482569	135.0329941	トーシン山	164
34.7803847	135.1059847	丹生山	515
34.7989700	135.1278962	投待山	485
34.7975419	135.0678902	愛宕山	162
34.8255686	135.0945649	論破山	250.7
34.8170427	135.1290250	愛宕山	256
34.8164819	135.1333820	滝ノ山	265.2
34.8450126	135.0663527	石上山	228.4
34.8656707	135.0552441	赤土山	194
34.9371665	136.1893942		242
34.9452838	136.1870340		232
34.9297332	136.1772540		221
33.9039996	135.8054324	大森山	1045.2
33.8849411	135.7380694	百前森山	783.1
33.8574258	135.8234359	富士根山	472.6
34.2493771	135.8860624	観音峯山	1348
35.1199478	136.1814384	赤神山	357.2
35.3239031	134.7009374	御祓山	773.1
35.2859818	134.6959339	須留ヶ峰	1053.5
35.3273616	134.8127622	大倉部山	691.9
35.2766072	134.8448692	朝来山	756.4
35.2536296	134.8705332	青倉山	810.5
35.3653076	134.8775391	室尾山	629.5
35.1402464	134.3793062	郷鴫山	783.7
35.1516342	134.3821149	総検行山	823.7
34.9669817	134.3044110	後山	404.6
34.9789065	134.3554977	高倉山	357
34.9032580	134.3417652	愛宕山	410.7
34.8806525	134.3485322	生駒山	260
35.2069932	134.5808080	一山	1064.6
35.2470909	134.5720332	三久安山	1123.1
35.4188428	134.5561717	靜川山	1039.3
35.5251622	134.5408757	城ヶ山	562.6
35.5888165	134.4501182	三成山	536.1
35.5454560	134.6368300	三川山	887.8
35.6257325	134.5485946	蓮台山	628
35.5056619	134.6086541	白管山	896.4
35.4395402	134.5170409	後山	689.1
35.1723413	134.9467323	竜ヶ岳	816.7
35.1768842	134.8316455	金香瀬山	709.7
35.1720553	134.8004451	古城山	609
35.1353473	134.8138159	白岩山	973
35.1144030	134.8607171	飯森山	900.6
35.4752827	134.9782510	東里ヶ岳	663.5
34.7874141	134.4226626	尼子山	259.2
35.1364398	134.6873843	夜鷹山	1055.9
35.1322826	134.6566685	曉晴山	1077.1
35.1583722	134.6909921	砥峰	972.1
35.1657828	134.7285479	平石山	1061.2
35.1833773	134.6976443	千町ヶ峰	1141.3
35.1915875	134.7274256	段ヶ峰	1103.4
35.1923379	134.7398896	フトウガ峰	1082
35.1772176	134.7620312	達磨ヶ峰	912.7
35.2124227	134.7103117	笠杉山	1032.1
35.1984889	134.6787259	大段山	966
35.2976318	134.8063036	大路山	603.1
35.2977501	134.8494288	金梨山	464.4
35.3750850	134.7530054	大徳山	555.7
35.3698295	134.7421548	左近山	142.6
35.5460498	134.5276083	大空山	575.6
35.1779833	135.2307700	鹿倉山	547.7
35.4438257	135.3150409	愛宕山	213
35.4350628	135.3228671	茶臼山	57
34.8703252	135.4410674	長尾山	299
34.8693247	135.4279431	舎羅林山	264.4
34.7980764	134.4936662	天下台山	321.3
34.8509078	134.4141456	宝台山	378.7
35.1188016	136.1705292	岩戸山	
35.6703353	134.7626857	賀嶋山	141.4
34.8446106	135.3552254	中山	478.0
34.9594457	134.4964130	488.8	
34.8926959	134.5098552		519.9
34.8966127	134.5262516	亀山	457.8
34.3537687	135.2905615	高倉山	158.6
34.9824571	134.4471478	大乗山	299.8
34.9643864	134.4190973	多賀登山	441.3
34.9720002	134.3817180	赤十字山	407.6
35.1056224	134.5395596	黒尾山	1024.6
35.1703591	134.5844329	東山	1015.9
35.2211929	134.5606363	阿舎利山	1087.4
35.2212017	134.4716299	竹呂山	1129.3
35.1758403	134.4847835	植松山	1191.1
35.2095525	134.4406558	空山	900.9
35.1505140	134.4549437	上谷山	617.8
35.1238548	134.3932904	高鉢山	613.7
35.2932883	135.7136921	大段谷山	795.1
35.3186701	135.7036456		811.0
35.3072247	135.7744142	天狗岳	928
35.3206638	135.7939175	三国岳	959.1
35.3092405	135.8101348	経ヶ岳	889
35.3021115	135.6786638		826.3
35.3383738	135.6988840		791.8
34.6613904	135.1073491	栂尾山	274
34.6655741	135.1083225	横尾山	312
35.0945312	134.5968562	宮山	514.4
34.8130573	134.7930961	高御位山	304.2
34.8256619	134.7620919		
34.8307890	134.8900437	紅山	182.8
34.2774751	134.8372611	兜布丸山	525.1
34.2838052	134.8968085	柏原山	568.9
34.2318985	134.7107880	大見山	149
34.2899610	134.8180305	油谷山	302.7
34.2900467	134.9398138	高熊山	
34.3107764	134.9011006	三坂山	302.7
34.3165245	134.9043457	掛牛山	
34.3377164	134.9032767	三熊山	125
34.3342185	134.8193142	感応寺山	278
34.3577491	134.8387727	先山	448
34.4046897	134.8549908	高倉山	266
34.4308873	134.8439370	城越山	245
34.4434015	134.8170688	山王山	182
34.4569651	134.8103094	熊野山	111
34.4735180	134.8995697	摩耶山	359.4
34.5476246	134.9534582	大戸山	224
34.5641588	134.9640994	城ノ瀬山	294.0
34.5657826	135.0046796	篝場山	243.8
34.5905939	134.9875872	汐鳴山	305.3
35.0496429	136.0563266	天山	303.2
35.0563437	136.0400212	東光寺岩梨山	
35.0608292	136.0400601	東光寺不動山	260
35.0672003	136.0436395	旗振山	283
35.0666866	136.0446607	田中山	292
35.0010982	134.2789837	庄ノ上山	379.7
35.1202014	134.4769342	一ヶ乢	
34.9988603	134.4261283	御殿山	350.5
34.9886120	134.4300980	三方里山	186
35.0223402	134.4609112	高丸山	535.8
34.9287372	134.3259236	船岩	507.2
35.5360556	134.4799055	草太山	
35.5133704	134.4938745	愛宕山	584.8
35.6425876	134.6742638	神ノ浦山	365.2
35.4452387	134.7048353	鶴ヶ嶺	416
35.5071148	134.6749448	神鍋山	469
35.5134902	134.6733354	大机山	
35.5070623	134.8483051	上鉢山	49
35.5217162	134.8504723	三開山	201.5
35.5125247	134.9269152	法沢山	643.4
35.4921040	135.0501680	権現山	526.5
35.4443947	135.0854444	赤石ヶ岳	736.1
35.4510722	135.0499749	江笠山	727.5
35.4518588	135.0073278	郷路岳	619.7
35.4476008	134.7867675	進美寺山	360.5
35.3646835	134.7723694	城山	392
35.1782538	134.6471080	高峰	844.7
35.0921704	134.9145935	妙見山	692.4
35.0702033	135.0056169	イタリ山	273.6
35.0629216	136.0729587	奥鳴谷山	324
35.0624067	136.0673851	立石山	282
35.0498938	136.0712220	笹尾ヶ岳	251
35.0129968	134.7210779	七種槍	577.3
34.7665207	134.4010272	雄鷹台山	253
34.8174196	134.6167216	京見山	215.9
35.0010568	135.4519790	七面山	
33.6713810	135.5717504	金剛ノ峯	
35.0651499	136.0601592	古城山	259
35.0647558	136.0570170	城山	286
34.5657770	135.9812231	戒場山	737.4
34.5483386	136.9847381	灯明山	
34.5416754	136.9823348	弁天山	
34.7991711	134.6966958	甲山	98
34.9271292	135.8964914	袴腰山	391
34.9348091	135.9531617	堂山	384
34.8345359	135.8780530	御林山	401.8
34.8225618	135.8545284	艮山	443.7
34.8236706	135.8415159	高雄山	443
34.8162466	135.8410364	大焼山	429.2
34.8005484	135.8377588	山吹山	373
34.8134022	135.8232878	大峰	303
34.8166959	135.8225827	北峰	240
34.8261407	135.8213662	鏡谷山	176
34.8322324	135.8346368	高塚山	223
34.8361431	135.8313484	飯盛山	183
34.8033458	135.8558541	有王山	378
34.7932888	135.8675109	北山	487
34.7869618	135.8605862	三上山	473.1
34.9880199	135.7852187	阿弥陀ヶ峰	196
35.0956995	135.7323899	十三石山	495.3
35.0575767	135.6677227	高雄山	342
35.0711779	135.6761287	峰山	537.4
35.0235574	135.6590125	小倉山	296
35.0113174	135.6612316	烏ヶ岳	398
35.0096056	135.6666769	嵐山	382
35.0658048	135.8344171	大比叡	848.1
35.1391596	135.9113047	蔓陀羅山	184
35.1163605	135.6936081	半国高山	669.8
35.1915871	135.8724886	権現山	996
35.1779711	135.8740030	霊仙山	750.5
35.2134745	135.8940165	打見山	1108
35.2271563	135.8928998	比良岳	1051
35.2324875	135.8985447	烏谷山	1076.5
35.2405705	135.9081020	堂満岳	1057
35.2580389	135.9281389	釈迦岳	1060.1
35.2749939	135.9561091	滝山	703
35.2865411	135.9577906	岩阿砂利山	686.2
35.2896239	135.9709505	鳥越峰	702
35.2950636	135.9799563	岳山	
35.3203956	135.9286348	蛇谷ヶ峰	901.5
35.3428925	135.9609624	阿弥陀山	453.4
35.3479245	135.9665019	高面山	302
35.3438219	135.9292663	上山	412.3
35.3530517	135.9028868	東山	417
35.3674507	135.9251098	西山	
35.3622965	136.0134236	大宝寺山	237
35.3647544	136.0250993	稲荷山	182
35.3972824	135.9996313	小俵山	293
35.4025080	135.9918436	大俵山	302.6
35.4024429	135.9843687	板倉山	301
35.3948505	135.9494373	堂建山	379
35.3856891	135.9349889	西峰山	
35.2516852	135.8441025	鎌倉山	950.5
35.2374706	135.8237155	峰床山	969.9
35.2387720	135.7959861	大悲山	741
35.2762871	135.9043279	釣瓶岳	1098
35.3552973	135.7684908	三国岳	776.1
35.4155129	135.9250407	二の谷山	611
35.4442604	135.9681942	荒谷山	643
35.4318165	135.9889937	箱館山	546.8
35.4532652	135.9383159	武奈ヶ嶽	865
35.4821607	135.9559388	三重嶽	973.9
35.4620670	135.9764656	滝谷山	735
35.0173618	135.6479806		482.2
35.0083496	135.6554848		337
35.0100357	135.6334809		404
35.0132044	135.6206728		430.1
35.0159934	135.6168749		392
35.0122440	135.6253757		412
35.0237869	135.6355315		265
35.0205903	135.6284714		181
35.0319032	135.6571076	嵯峨陵	258
34.7397214	135.2051407	摩耶別山	
34.8089699	135.7443116	甘南備山	221
34.7964965	135.7152027	国見山	284
34.5920836	135.6407164	高尾山	277.6
34.5446587	135.6390106	鉢伏山	211
34.2845862	135.9143838	大天井ヶ岳	1439
33.5540194	135.8576511		132.6
33.5420411	135.8136059		165.8
34.9572039	134.5364928		375.8
34.3034260	135.7493073	竜王山	618.9
35.0441483	134.5282102	長水山	584.2
34.4207200	135.6709687	金剛山頂	
34.9167344	135.4344912	高代寺山	489
34.6629899	134.5821211		132
34.6636103	134.5368990		134
34.6387297	134.5139076		71
34.6554707	134.4919823		152
34.1854538	135.2798938	大旗山 (揚柳山)	244.7
34.1785675	135.2851650	野尻山	223
34.1693280	135.2953212		232.4
34.1770090	135.3035305		187.2
34.1859430	135.3153078		114.5
34.1911799	135.3360763	高壺山	223
34.1995570	135.3330507	高尾山	196
34.1808960	135.3416186	城ノ段山	341
34.1799412	135.3294166	稲荷山	318.7
34.1650886	135.3316870	丸山	363.7
34.1652210	135.3189891	大竹山	335
34.1598538	135.3672822	上ノ城山	445
34.1681048	135.2624457	高倉山	248.6
34.9597116	135.3144679	上之岳	460
34.9630956	135.3022495	鳥飼山	528
34.9708258	135.3481095	堂床山	584.2
34.9614880	135.3621252	滝王山	570
34.9563943	135.3756112	三草山	564
34.9231288	135.4027612	雨森山	383.7
34.9232898	135.3838279	岩ヶ谷山	272
34.9139360	135.3725940	大谷山	228.3
34.9171462	135.3647225	丸山	217
34.9126630	135.3536480	一本松山	301.3
34.9312451	135.3614514	山王山	300.4
34.9329135	135.3290410	三蔵山	411.2
34.9326768	135.3201730	今井岳	382
34.9056197	135.3182071	竜王山	365.5
34.8932230	135.3386584	城山	404.6
34.8475410	135.3422679	長尾山	302
34.8552410	135.3319847	大峰山	552.3
34.8575592	135.3048477	馳渡山	289.4
34.8387142	135.2909221	高座山	345
34.8831917	135.3175911	古宝山	459.4
34.8813959	135.2890149	丸山	325
34.9012281	135.2878601	布見ヶ岳	366.2
34.9008743	135.2760199	向山	339.1
34.9132026	135.3407979		339.8
34.9449233	135.3029199		492.4
34.9470312	135.2831135		496.7
34.9577874	135.2821999	大船山	653.1
34.9664892	135.3324038	愛宕山	514
34.9752423	135.3123659	追谷山	475.1
34.9758107	135.2979147	昼ヶ岳	595
35.0018410	135.3531569		720.7
35.0300024	135.4515252	半国山	774.2
35.0016044	135.4577474	小和田山	611.6
34.9929633	135.4666331	釈迦ヶ嶽	512
34.9696789	135.4289953		418.9
34.9152926	135.4757421	天台山	639.7
34.9212652	135.4795063	光明山	639
34.9325916	135.4942816		518
34.9357019	135.5284799	湯谷ヶ岳	622.1
34.9458430	135.5060604	鴻応山	678.7
34.9609401	135.5740299	黒柄岳	526.7
34.1134807	135.3561458	大峰山	805
35.5535969	135.0860453		240
35.5595496	135.0696301		238
35.5512750	135.0611436		296
35.5432877	135.0652957		199
35.5440471	135.0760460		150
35.5484293	135.0808096		142
34.7927905	134.7603026	戦没者慰霊塔	
34.7915746	134.7596482	六本松	91
35.6064606	135.1812162	鼓ヶ岳	569
34.8879391	135.3803520	六石山	198.8
34.9012709	135.3801688	高塚山	146
34.9020160	135.4584537	青貝山	391.2
34.8884434	135.4780657	明ヶ田尾山	619.5
34.8503134	135.4690080	箕面山	355
34.8557811	135.3910129	大平山	257
34.8445650	135.3862330	愛宕山	335
34.8386961	135.4008217	石切山	283.5
35.0287296	135.2352924	三国ヶ岳	648.1
35.0287201	135.2144875	愛宕山	648
35.0112913	135.2581766		697.7
34.9857347	135.2764265	奥山	446.8
34.9280493	135.2399071	清水山	363
34.8754869	135.2573098	鏑射山	327
34.9675782	135.2019916	大谷山	417
34.9975727	135.1917200	奥山	580
34.9892013	135.1781287	西鎌倉山	460
34.9823260	135.1773514	焼山	455.2
34.9787083	135.1894745	天神岳	440
34.9745310	135.1866372	茗荷谷山	427.3
34.9665253	135.1745723	黒谷山	373.7
34.9728540	135.1771517	遠城寺山	370
34.9582940	135.1906503	中山	307
34.9597472	135.1605204	穴口山	320
35.0440396	135.6023335	牛松山	636
35.0594974	135.6647638		428.4
35.0764216	135.6329363	竜ヶ岳	921
35.0753842	135.6234685	地蔵山	947.3
35.1012034	135.6200887	三頭山	728
35.1100048	135.5975262	鎌ヶ岳	623
35.1173963	135.5794870	千歳山	627
35.0878105	135.6578415	朝日峯	688.1
35.1732143	135.7970455	滝谷山	876
35.2253699	135.7612773	湯槽山	763.1
35.1270252	135.7553883	貴船山	716
35.2443626	135.6850710	鴨瀬芦谷山	778
35.2592102	135.6657329	掛橋谷山	765.5
35.2660242	135.6806084	奥八丁山	752
35.2804744	135.6813751	ハナノ谷段山	703.9
35.1678835	135.6869549	飯森山	791
35.1670974	135.6790846	天童山	775
35.1011209	135.5696316	龍王ヶ岳	498.5
34.4133270	135.9940481		685.6
34.4253813	136.0579705		718.1
34.4646299	136.0425854		742.7
34.3671646	136.0407292		877.8
34.3613992	136.0497522		1182.9
34.3457304	136.0305583		1308.0
34.3948704	135.9936297		489.8
34.3552082	136.0685384		1373.8
34.3607083	136.0657489	薊岳	1406
34.3939497	136.0472846		1094.7
34.4042187	136.0087037		706
34.4133181	135.9940052		685.6
34.3906385	136.0142827		948.5
35.3145216	135.6027333	白尾山	748.6
35.2938371	135.6480665	奥東山	584
35.2847916	135.6273122	ホサビ山	750.2
35.3041632	135.6385395	磯木山	545
35.2646597	135.6265407		731
35.3051907	135.5008334		684
35.3252233	135.5026858		898.8
35.2525579	135.6056847		665.2
35.2694178	135.5563038	城山	403.7
35.2705936	135.5639398		428
35.2261695	135.5619663		588.3
35.2340534	135.5115397		686
35.1912835	135.4667467	丸山	259
35.1918514	135.4474723		423.6
35.1718000	135.5076190	高山	381
35.1800413	135.5785595		555.7
35.1574807	135.6109597	黒尾山	509.3
35.1586158	135.5955715	中山	364
35.1602363	135.5783957	白岩山	540
35.1611173	135.5680931	黒尾山	569
35.1491327	135.5116377	大向山	357
35.1141152	135.5446457	諸木山	496.8
35.1026591	135.5566799	紅葉山	380
35.1084583	135.5646213		445.1
35.1536960	135.4405459	美女山	482.2
35.1247755	135.4414051		379.5
35.1234760	135.4550754		300.9
35.1248584	135.4765367		212.9
35.1236574	135.4925314		320.2
35.1018956	135.5189910	城山	221.8
35.0745677	135.5838600	三郎ヶ岳	616
35.1489676	135.4117522		431
35.1385497	135.4012941		468.6
35.1322124	135.3690094	櫃ヶ嶽	582
35.1500931	135.3442798	西山	559.6
35.1359105	135.3474393	雨石山	611
35.1646113	135.3410391	兜山	429
35.2145216	135.3242594	五条山	568.4
35.3453394	135.4828254		754
35.2648256	135.3940915	天蓋山	173.9
35.2797939	135.4209670		628.7
35.2814672	135.4465986		675
35.0961571	135.3870237	三国岳	507.9
35.1341088	135.3189895	八ヶ尾山	677.5
35.1265682	135.2661725	小金ヶ嶽	725
35.1210757	135.2671741	畑山	595
35.1252325	135.2329314	西ヶ嶽	727
35.1190506	135.1516251	夏栗山	600
35.1225992	135.1427393	黒頭峰	620.3
35.1140691	135.1139269	金山	540
35.0915682	135.1396062	波賀尾岳	392
35.3525318	135.7414807		812
35.4365246	135.4519500	養老山	665.4
35.4250000	135.4958222		574.3
35.3779824	135.4781364		579.3
35.4546056	135.4702962	三国岳	616.4
35.3935528	135.4434894	君尾山	543
35.3419677	135.4424231		731
35.4218400	135.4327151		527.2
35.3910940	135.3780706	弥仙山	664
35.3597483	135.4065480	古城山	199.3
35.3292295	135.4150392		703
35.3019551	135.3786511		626
35.2677744	135.2803539		422.7
35.5946810	136.1775357	柳ヶ瀬山	439.1
35.0975897	135.2031969	盃ヶ岳	497
35.0960503	135.2487816	八百里山	442
35.0944933	135.2899488	衣笠山	484
35.0516092	135.3084672	弥十郎ヶ嶽	715
35.0267212	135.2727865		574
35.0723478	135.2859222	剛山	361
35.0515467	135.3271390		723
35.0724418	135.3013901		288
35.0837310	135.2422978	馬地山	252
35.0826679	135.2393206	前山	245
35.0617787	135.2557324	高城山	462
35.0440142	135.2588202		519.7
35.4921035	135.9301022	三十三間山	842.1
35.4553820	136.0098744	笹ヶ峰	393
35.5325047	136.0773125	乗鞍岳	865.1
35.4625629	136.0932199	東山	594.6
35.4829985	136.1451690		451.1
35.4669456	136.1356403		470
35.4593224	136.1488420		356.5
35.5428418	136.1359968	日計山	411.3
35.5987468	135.4577693		213.4
35.5388622	135.3810470		556.3
35.5470476	135.3416268		126
35.4571369	135.2977713		315.5
35.5053009	135.3141345	槙山	
35.5916514	135.2522162		204.9
35.6034193	135.2248436	妙見山	
35.6228055	135.2289157	弥助山	184.5
35.6653037	135.2977480		221.3
35.6914826	135.2951228	蝙蝠岳	311.4
35.7414531	135.2332046	船津山	548
35.7416948	135.2200274	権現山	600.9
35.7616938	135.2213366	岳山	451
35.7551889	135.1366619		251
35.7429950	135.1395457		316
35.7340993	135.1374817	依遅ヶ尾山	540.2
35.6743236	135.0062145	高天山	285.4
35.6637483	135.2154257	角突山	629.1
35.6530345	135.2091365	汐霧山	647
35.6594706	135.1420237	金剛童子山	613.6
35.6129459	134.9111538	兜山	191.7
35.6491307	134.8517458		230.8
35.6534701	134.8341295		159.3
35.6642068	134.7439338		104
35.6627512	134.6909275		223.2
35.6037185	134.3826695		325.1
35.5900701	134.4050289		437.1
34.5658952	135.9411755	真平山	751
34.5501806	135.9404786	鳥見山	734.4
34.5593878	135.9509661	香酔山	795
34.4702118	135.8603247	御破裂山	607.4
34.4740102	135.8894937	経ケ塚山	889
34.4670629	135.8918766	熊ケ岳	904
34.4774631	135.8871666	音羽山	851.4
34.4433650	136.0001002		566.3
33.7239561	135.4352034	高畑山	226
33.4905437	135.7767485		136.2
33.9479792	135.3116405	犬ヶ丈山	521.7
34.9072349	134.9241900	皿山	95.7
34.9789414	136.1213664	横田山	
34.7601774	135.6622910		77.4
34.8686884	135.5686927	阿武山	280.9
34.8366270	135.4043430	釣鐘山	205
34.6524485	136.0494095	高塚山	
34.6118460	135.9906174	壇の山	
34.5096741	136.0863418	住塚山	1009.2
34.5165278	136.0934104	国見山	1016
34.5258080	136.1205759	兜岳	
34.5287690	136.1302319	鎧岳	893.6
34.5052249	136.1524388	古光山	952.4
34.5484333	136.1621045	国見山	
34.8045356	135.9541402	三ヶ岳	617.8
34.7787646	135.9783398	国見岳	513
34.6030343	135.9725471	野野上岳	550.1
33.5310606	135.5309346	双子山	
33.4731086	135.8273944	大森山	
33.5969892	135.4276514	高瀬山	340.4
33.6107415	135.5070019		422.1
33.6278953	135.4927218	三舞山	491.2
33.5912785	135.5778873	重善嶽	607.8
33.5455438	135.5659354		512
33.5416942	135.6176913	清水山	
33.5393692	135.6323576	大山	544.1
33.5245725	135.6423890	高市山	407
33.5236334	135.6623983	牟礼山	336.3
33.5193937	135.7009685	姥山	419
33.5270198	135.6810021	西ノ峯山	384
33.5451325	135.7129955	嶽ノ森山	376
33.5332568	135.7066011	峯ノ山	482.2
33.5127387	135.7084894	東谷山	289
33.5174438	135.7202804	志賀滝山	322
33.5036766	135.7411158	風吹山	281.2
34.0950209	136.1837420	便石山	599.2
33.8180730	135.9703159	高山	436.5
33.8201811	135.9841454	大地山	601.1
33.8110354	135.9911781	女郎が峰	
33.7709694	136.0079849	大烏帽子山	362.4
33.7501689	135.9817314		337
33.7689984	135.9560144		618.3
35.0167646	134.5280921		384
35.0140538	134.5342129		338
34.9591010	134.9650615	鳴尾山	236.1
35.0777790	135.2053070	権現山	
35.0660522	135.1971638	東城山	289
35.0520621	135.1899969		467.2
35.0519216	135.2257776	火打ヶ嶽	337
35.3155706	135.0782467	姫髪山	406.1
34.6298180	135.8529210	虚空蔵山	182
34.6059698	135.8770233	大国見山	
34.5416754	135.8870923	巻向山	566.9
34.5441027	135.6630301	屯鶴峯	
34.9804618	135.6406982	大枝山	480
35.4697391	135.1248496	鍋塚	763
35.4620971	135.1085016	鳩ヶ峰	746
34.9956646	135.8230648	Morohayama	
35.0005688	135.8134009	Kagamiyama	257
35.0021332	135.8100562	Hijiriyama	
35.0026297	135.8071997	Kamiyama	
33.9052500	135.2042238	大山	112.4
33.9973868	136.2394917	谷ノ山	455.6
33.9985165	136.2642002		167.9
33.9740791	136.2583637		274.1
35.5207529	136.2043869	大岩山	
35.5060988	136.1931002	賤ヶ岳	421.1
35.5216086	136.1783480		458
35.5058368	136.1750006		306.5
35.6782937	136.1963403		873
35.6735699	136.2447059	上谷山	1196.7
35.5143606	136.2246966	田上山	323
35.4928310	136.2178194	涌出山	200.1
35.5898127	136.1978638	新谷山	662
35.5862530	136.2173045	七々頭ヶ岳	693.1
35.5786356	136.2476885	墓谷山	737.8
35.6330060	136.2276041	安蔵山	900.1
35.6435303	136.1725330	大黒山	891.6
35.6346889	135.0556826		94
35.6297184	135.0530970		114
35.6170424	135.0559992		70
35.6173067	135.0640015		142
35.6300673	135.0618303		91
35.6403130	135.0689757		63
35.6364329	135.0765395		70.8
35.6264046	135.0855517		64
35.4109134	136.3170183	勝山	131
35.3612311	136.2890911	田村山	138
33.6617581	135.9878425	目覚山	
35.0467834	135.1466203	松尾山	687
35.0175906	135.1123309	西寺山	645.9
34.9922635	135.1135325	和田寺山	591
34.9849856	135.1392281	虚空蔵山	592
34.9988025	135.1644945	海見山	518.8
35.0186274	135.1598382		406
33.8566335	135.9245467	一族山	800.8
33.9181499	135.9429359		512.6
33.9284325	135.9249759		501.9
33.9176691	135.9252226		284
33.8992197	135.9280228	西山	627
33.8898509	135.9168649	ツエノ峰	645.2
33.8995403	135.9062755		704
33.9136982	135.8894205	大森山	542.3
33.9221563	135.8657098		798
33.9623071	135.8553350		736
33.9458343	135.9077775	西峯	1123.4
33.9646118	135.8978963	蛇崩山	1172
33.9718369	135.9155559	茶臼山	1181
33.9416154	135.9618401		513
33.8977147	136.0439050	長尾山	782.8
33.9125407	136.0390019	丸尾山	851
33.9320110	136.0063434	日暮山	723
33.9236964	136.0347748	久留米木山	831
33.9540221	136.0064077		258
33.9460924	135.9929538		505
33.9566830	135.9320140	雨谷山	840.6
33.9577598	135.9614110	小杉山	702
33.9864010	136.0154843		592.5
33.9975114	136.0040152	445.5	
33.9770863	135.9620762		875.3
34.2707207	136.7528343	黒森	96
34.9699530	135.5950534	明神ヶ岳	523.4
34.5162814	135.6644261	神山	326
34.5256736	135.6776279	雄岳	517
34.4933556	135.6792962	岩橋山	658.6
35.0886876	135.5252623	筏森山	294.9
35.0792848	135.5415487	多国山	191
35.0679314	135.5625236	呉弥山	164
35.0121251	135.5059290	朝日山	441.7
35.0061495	135.5297041	丁塚山	357
35.0094010	135.5682421	西山	206
34.9918240	135.5638862	竜ヶ尾山	412.4
34.9888531	135.5203485	霊仙ヶ岳	536.2
34.7499317	135.8834184	灯明寺山	224
35.0636021	135.6346643		889.8
			
